[
  {
    "metadataOutputVersion" : "3.0",
    "shortDescription" : "Identifies four different foods",
    "outputSchema" : [
      {
        "isOptional" : "0",
        "formattedType" : "String",
        "type" : "String",
        "name" : "target",
        "shortDescription" : ""
      },
      {
        "isOptional" : "0",
        "keyType" : "String",
        "formattedType" : "Dictionary (String → Double)",
        "type" : "Dictionary",
        "name" : "targetProbability",
        "shortDescription" : ""
      }
    ],
    "modelParameters" : [

    ],
    "author" : "Ultiimate Dog",
    "specificationVersion" : 3,
    "isUpdatable" : "0",
    "availability" : {
      "macOS" : "10.14",
      "tvOS" : "12.0",
      "visionOS" : "1.0",
      "watchOS" : "unavailable",
      "iOS" : "12.0",
      "macCatalyst" : "12.0"
    },
    "modelType" : {
      "name" : "MLModelType_imageClassifier",
      "structure" : [
        {
          "name" : "MLModelType_visionFeaturePrint"
        },
        {
          "name" : "MLModelType_glmClassifier"
        }
      ]
    },
    "inputSchema" : [
      {
        "height" : "299",
        "colorspace" : "BGR",
        "isOptional" : "0",
        "width" : "299",
        "isColor" : "1",
        "formattedType" : "Image (Color 299 × 299)",
        "hasSizeFlexibility" : "0",
        "type" : "Image",
        "shortDescription" : "",
        "name" : "image"
      }
    ],
    "classLabels" : [
      "apple_pie",
      "banana",
      "cheese",
      "chocolate_cake",
      "hamburger",
      "hot_dog",
      "pizza",
      "spaghetti_bolognese"
    ],
    "generatedClassName" : "Food_Ident_Model",
    "userDefinedMetadata" : {
      "com.apple.createml.app.tag" : "121.3",
      "com.apple.createml.version" : "14.2.1",
      "com.apple.coreml.model.preview.type" : "imageClassifier",
      "com.apple.createml.app.version" : "5.0"
    },
    "method" : "predict"
  }
]